{
  "engine": "python",
  "modulation": "PWM_ASK",
  "ber": 0.512,
  "n_errors": 512,
  "n_bits_tested": 1000,
  "snr_est_dB": 39.25757525021831,
  "channel_gain": 0.0002266931841441185,
  "P_rx_avg_uW": 12.46812512792652,
  "I_ph_avg_uA": 6.23406256396326
}